round,fork,child,mean_crps,effect_on_the_base,chosen
1,01_observation,a_negBinomial,24.29871945013477,-0.6007932857142819,False
1,01_observation,b_zeroInflated,24.129444142857142,-0.4315179784366556,False
1,02_covariates,a_lagged,23.586162641509432,0.11176352291105474,False
1,02_covariates,b_rich,22.876748377358492,0.8211777870619947,True
1,03_population,b_covariate,23.87588850943396,-0.17796234501347286,False
1,03_population,c_ignored,23.722832668463607,-0.02490650404311978,False
1,04_fitTime,b_refitAtPredict,22.82460798113208,0.8733181832884078,True
1,05_autoregressive,b_lag3,23.344865676549865,0.3530604878706214,False
1,06_yearVariance,a_shared,23.748895180592992,-0.05096901617250538,False
2,01_observation,a_negBinomial,22.178932797843665,-0.3221634097035029,False
2,01_observation,b_zeroInflated,21.94999242587601,-0.09322303773585006,False
2,02_covariates,a_lagged,22.54480054716981,-0.6880311590296486,False
2,02_covariates,c_climateFree,22.82460798113208,-0.9678385929919173,False
2,03_population,b_covariate,22.283579099730456,-0.4268097115902947,False
2,03_population,c_ignored,21.807256857142857,0.04951253099730479,False
2,04_fitTime,a_trainOnly,22.876748377358492,-1.0199789892183304,False
2,05_autoregressive,b_lag3,21.27521145013477,0.5815579380053926,True
2,06_yearVariance,a_shared,23.099285878706198,-1.242516490566036,False
3,01_observation,a_negBinomial,22.41775669811321,-1.1425452479784397,False
3,01_observation,b_zeroInflated,21.972088409703503,-0.6968769595687334,False
3,02_covariates,a_lagged,22.026948323450135,-0.751736873315366,False
3,02_covariates,c_climateFree,22.27090551212938,-0.9956940619946124,False
3,03_population,b_covariate,21.25024570619946,0.024965743935307927,False
3,03_population,c_ignored,21.125690784366576,0.14952066576819334,False
3,04_fitTime,a_trainOnly,22.560006385444744,-1.284794935309975,False
3,05_autoregressive,a_none,21.85676938814016,-0.5815579380053926,False
3,06_yearVariance,a_shared,22.162757929919135,-0.8875464797843655,False
