combo,fork,child,mean_crps,mae,coverage_10_90,coverage_25_75,n_cells,crps_reference,skill_vs_reference,backtest_seconds,inherited_choices,configuration_sha256
population_ignored,analysis/03_models/03_candidate/a_hierNB/03_population,c_ignored,21.125690784366576,26.17654986522911,0.7439353099730458,0.5902964959568733,371,22.098446493261456,0.04401918972863117,91.3,5,f9631852de6da0325446105eda96460c9df422fbb59325ddd01724315e1bd437
population_covariate,analysis/03_models/03_candidate/a_hierNB/03_population,b_covariate,21.25024570619946,26.057951482479783,0.7466307277628033,0.5849056603773585,371,22.098446493261456,0.038382824209866495,89.9,5,7d9c60c138e4af4beb1be603afc11b83f47d7ff9a57bba307a4d945b8bd319fa
main,-,the main path,21.27521145013477,26.277628032345014,0.7412398921832885,0.5822102425876011,371,22.098446493261456,0.03725307312338533,91.0,0,8e021eaf2d1e375188728bec463388328c7ddfdf465af6a0df1c6ed3b19eba41
autoregressive_none,analysis/03_models/03_candidate/a_hierNB/05_autoregressive,a_none,21.85676938814016,26.87735849056604,0.7223719676549866,0.5714285714285714,371,22.098446493261456,0.010936384383173237,90.3,5,eac9ddd252bf829a5e9bf68eea871877ce8b2eae113faebb6b36c8df4cd5d253
observation_zeroInflated,analysis/03_models/03_candidate/a_hierNB/01_observation,b_zeroInflated,21.972088409703503,26.475741239892184,0.7574123989218329,0.5929919137466307,371,22.098446493261456,0.005717962282845712,65.4,5,9bce69ccafb77d03b54689291725fa0ca657c84cda8d978811dd9b724f7b6b65
covariates_lagged,analysis/03_models/03_candidate/a_hierNB/02_covariates,a_lagged,22.026948323450135,26.80323450134771,0.7412398921832885,0.5929919137466307,371,22.098446493261456,0.003235438736977403,67.4,5,258b25ece437955576c86f2c5e38a07dcc42db7321a9300d3d6fb4e03a6f3c86
yearVariance_shared,analysis/03_models/03_candidate/a_hierNB/06_yearVariance,a_shared,22.162757929919135,26.140161725067387,0.7304582210242587,0.5983827493261455,371,22.098446493261456,-0.0029102243308047893,32.8,5,3b16e5f495e40681cea1e2b02bbfe15d50bb05423027f92fd99f32106e57ed8b
covariates_climateFree,analysis/03_models/03_candidate/a_hierNB/02_covariates,c_climateFree,22.27090551212938,26.648247978436657,0.7412398921832885,0.5876010781671159,371,22.098446493261456,-0.0078041241007831275,66.6,5,7d89106759af570280ed1445adce63758bef7406f2eed499d2b3d6480247aae5
observation_negBinomial,analysis/03_models/03_candidate/a_hierNB/01_observation,a_negBinomial,22.41775669811321,26.846361185983827,0.7439353099730458,0.5929919137466307,371,22.098446493261456,-0.01444944127403347,64.8,5,91bc0bb3e88fce47d2d8301d5e9f25f3b8df89057f22b3791572f2f65fb52bdd
fitTime_trainOnly,analysis/03_models/03_candidate/a_hierNB/04_fitTime,a_trainOnly,22.560006385444744,26.88409703504043,0.706199460916442,0.5741239892183289,371,22.098446493261456,-0.020886531201369074,25.8,5,3b8b28c87f7bc0910c399f288bf07c04ddfffea0a13d60f8a08052517e48361d
