model,weighting,location,split_first_period,n_cells,mean_crps
climatology,unweighted,LA-AT,200801,3,1.8766666666666667
climatology,unweighted,LA-AT,200804,3,4.11
climatology,unweighted,LA-AT,200807,3,10.526666666666667
climatology,unweighted,LA-AT,200810,3,34.74333333333333
climatology,unweighted,LA-AT,200901,3,46.48988433333333
climatology,unweighted,LA-AT,200904,3,40.032215
climatology,unweighted,LA-AT,200907,3,29.878155000000003
climatology,unweighted,LA-AT,200910,3,7.592441999999999
climatology,unweighted,LA-BK,200801,3,0.27666666666666667
climatology,unweighted,LA-BK,200804,3,21.273333333333333
climatology,unweighted,LA-BK,200807,3,12.280000000000001
climatology,unweighted,LA-BK,200810,3,34.973333333333336
climatology,unweighted,LA-BK,200901,3,0.5012286666666667
climatology,unweighted,LA-BK,200904,3,93.51679366666667
climatology,unweighted,LA-BK,200907,3,119.84184633333335
climatology,unweighted,LA-BK,200910,3,10.356298
climatology,unweighted,LA-BL,200801,3,3.6199999999999997
climatology,unweighted,LA-BL,200804,3,7.366666666666667
climatology,unweighted,LA-BL,200807,3,24.00666666666667
climatology,unweighted,LA-BL,200810,3,8.403333333333334
climatology,unweighted,LA-BL,200901,3,1.3863260000000002
climatology,unweighted,LA-BL,200904,3,12.274881666666667
climatology,unweighted,LA-BL,200907,3,31.795670666666666
climatology,unweighted,LA-BL,200910,3,10.036192000000002
climatology,unweighted,LA-CH,200801,3,50.373333333333335
climatology,unweighted,LA-CH,200804,3,65.99333333333334
climatology,unweighted,LA-CH,200807,3,44.45333333333334
climatology,unweighted,LA-CH,200810,3,37.36000000000001
climatology,unweighted,LA-CH,200901,3,17.137458
climatology,unweighted,LA-CH,200904,3,34.411892333333334
climatology,unweighted,LA-CH,200907,3,40.429376000000005
climatology,unweighted,LA-CH,200910,3,16.801071999999998
climatology,unweighted,LA-HO,200801,3,0.01
climatology,unweighted,LA-HO,200804,3,0.0233333333333333
climatology,unweighted,LA-HO,200807,3,0.2966666666666667
climatology,unweighted,LA-HO,200810,3,0.22333333333333336
climatology,unweighted,LA-HO,200901,3,0.0082809999999999
climatology,unweighted,LA-HO,200904,3,0.0193223333333333
climatology,unweighted,LA-HO,200907,3,0.24518466666666663
climatology,unweighted,LA-HO,200910,3,0.7904573333333333
climatology,unweighted,LA-KH,200801,3,0.44666666666666655
climatology,unweighted,LA-KH,200804,3,3.476666666666667
climatology,unweighted,LA-KH,200807,3,29.02666666666666
climatology,unweighted,LA-KH,200810,3,3.53
climatology,unweighted,LA-KH,200901,3,2.1272179999999996
climatology,unweighted,LA-KH,200904,3,16.835876000000003
climatology,unweighted,LA-KH,200907,3,142.235039
climatology,unweighted,LA-KH,200910,3,55.057192333333326
climatology,unweighted,LA-LM,200801,3,0.016666666666666632
climatology,unweighted,LA-LM,200804,3,0.0033333333333333335
climatology,unweighted,LA-LM,200807,3,0.0266666666666666
climatology,unweighted,LA-LM,200810,3,0.03666666666666667
climatology,unweighted,LA-LM,200901,3,0.013801666666666665
climatology,unweighted,LA-LM,200904,3,0.9420936666666666
climatology,unweighted,LA-LM,200907,3,1.567416
climatology,unweighted,LA-LM,200910,3,4.605697
climatology,unweighted,LA-LP,200801,3,11.643333333333333
climatology,unweighted,LA-LP,200804,3,90.5
climatology,unweighted,LA-LP,200807,3,11.196666666666665
climatology,unweighted,LA-LP,200810,3,79.79
climatology,unweighted,LA-LP,200901,3,0.4112896666666666
climatology,unweighted,LA-LP,200904,3,3.404432666666666
climatology,unweighted,LA-LP,200907,3,83.72971433333333
climatology,unweighted,LA-LP,200910,3,65.14785566666667
climatology,unweighted,LA-OU,200801,3,0.0
climatology,unweighted,LA-OU,200804,3,0.006666666666666667
climatology,unweighted,LA-OU,200807,3,0.06666666666666667
climatology,unweighted,LA-OU,200810,3,0.029999999999999968
climatology,unweighted,LA-OU,200901,3,0.0
climatology,unweighted,LA-OU,200904,3,0.0055206666666666
climatology,unweighted,LA-OU,200907,3,5.145873333333333
climatology,unweighted,LA-OU,200910,3,11.933509666666666
climatology,unweighted,LA-PH,200901,3,0.0
climatology,unweighted,LA-PH,200904,3,0.0
climatology,unweighted,LA-PH,200907,2,0.02
climatology,unweighted,LA-PH,200910,3,0.0
climatology,unweighted,LA-SL,200801,3,1.9100000000000001
climatology,unweighted,LA-SL,200804,3,97.24000000000001
climatology,unweighted,LA-SL,200807,3,67.91666666666667
climatology,unweighted,LA-SL,200810,3,38.13
climatology,unweighted,LA-SL,200901,3,16.062821
climatology,unweighted,LA-SL,200904,3,44.22854833333334
climatology,unweighted,LA-SL,200907,3,108.11319199999998
climatology,unweighted,LA-SL,200910,3,43.17124033333334
climatology,unweighted,LA-SV,200801,3,1.2733333333333334
climatology,unweighted,LA-SV,200804,3,33.72666666666667
climatology,unweighted,LA-SV,200807,3,135.32
climatology,unweighted,LA-SV,200810,3,24.676666666666666
climatology,unweighted,LA-SV,200901,3,1.1447503333333335
climatology,unweighted,LA-SV,200904,3,30.738805
climatology,unweighted,LA-SV,200907,3,101.11638766666665
climatology,unweighted,LA-SV,200910,3,20.184012666666664
climatology,unweighted,LA-VT,200801,3,8.256666666666666
climatology,unweighted,LA-VT,200804,3,60.656666666666666
climatology,unweighted,LA-VT,200807,3,156.8033333333333
climatology,unweighted,LA-VT,200810,3,61.43333333333334
climatology,unweighted,LA-VT,200901,3,6.3441313333333325
climatology,unweighted,LA-VT,200904,3,25.158537
climatology,unweighted,LA-VT,200907,3,100.21278933333333
climatology,unweighted,LA-VT,200910,3,222.56729199999998
climatology,unweighted,LA-XA,200801,3,0.62
climatology,unweighted,LA-XA,200804,3,7.716666666666666
climatology,unweighted,LA-XA,200807,3,13.056666666666667
climatology,unweighted,LA-XA,200810,3,1.7866666666666668
climatology,unweighted,LA-XA,200901,3,0.5134219999999999
climatology,unweighted,LA-XA,200904,3,7.023262333333335
climatology,unweighted,LA-XA,200907,3,14.176890666666667
climatology,unweighted,LA-XA,200910,3,2.326326333333334
climatology,unweighted,LA-XE,200801,3,0.06999999999999999
climatology,unweighted,LA-XE,200804,3,1.0848806666666666
climatology,unweighted,LA-XE,200807,3,0.41999999999999993
climatology,unweighted,LA-XE,200810,3,0.4583209999999999
climatology,unweighted,LA-XE,200901,3,1.1486336666666668
climatology,unweighted,LA-XE,200904,3,2.920193
climatology,unweighted,LA-XE,200907,3,18.800044333333332
climatology,unweighted,LA-XE,200910,3,4.603912
climatology,unweighted,LA-XI,200801,3,0.0
climatology,unweighted,LA-XI,200804,3,0.3333333333333333
climatology,unweighted,LA-XI,200807,3,0.01
climatology,unweighted,LA-XI,200810,3,0.0033333333333333335
climatology,unweighted,LA-XI,200901,3,0.0
climatology,unweighted,LA-XI,200904,3,23.942093666666665
climatology,unweighted,LA-XI,200907,3,3.5536143333333334
climatology,unweighted,LA-XI,200910,3,0.0027603333333333
hier_nb,unweighted,LA-AT,200801,3,1.9347733333333332
hier_nb,unweighted,LA-AT,200804,3,3.5695643333333336
hier_nb,unweighted,LA-AT,200807,3,9.070102
hier_nb,unweighted,LA-AT,200810,3,35.08791866666667
hier_nb,unweighted,LA-AT,200901,3,46.04473099999999
hier_nb,unweighted,LA-AT,200904,3,37.020466
hier_nb,unweighted,LA-AT,200907,3,22.312774
hier_nb,unweighted,LA-AT,200910,3,6.6083533333333335
hier_nb,unweighted,LA-BK,200801,3,0.2945976666666667
hier_nb,unweighted,LA-BK,200804,3,20.735611
hier_nb,unweighted,LA-BK,200807,3,10.737645333333333
hier_nb,unweighted,LA-BK,200810,3,33.97331766666667
hier_nb,unweighted,LA-BK,200901,3,0.4600026666666667
hier_nb,unweighted,LA-BK,200904,3,94.649584
hier_nb,unweighted,LA-BK,200907,3,107.29582
hier_nb,unweighted,LA-BK,200910,3,9.460398
hier_nb,unweighted,LA-BL,200801,3,2.610527
hier_nb,unweighted,LA-BL,200804,3,5.166232333333334
hier_nb,unweighted,LA-BL,200807,3,14.318323666666664
hier_nb,unweighted,LA-BL,200810,3,6.565704999999999
hier_nb,unweighted,LA-BL,200901,3,1.2637036666666666
hier_nb,unweighted,LA-BL,200904,3,7.200323333333334
hier_nb,unweighted,LA-BL,200907,3,16.803803
hier_nb,unweighted,LA-BL,200910,3,7.338318333333333
hier_nb,unweighted,LA-CH,200801,3,61.06574033333334
hier_nb,unweighted,LA-CH,200804,3,78.715576
hier_nb,unweighted,LA-CH,200807,3,75.96545033333331
hier_nb,unweighted,LA-CH,200810,3,47.908970333333336
hier_nb,unweighted,LA-CH,200901,3,27.467567333333335
hier_nb,unweighted,LA-CH,200904,3,46.083370666666674
hier_nb,unweighted,LA-CH,200907,3,56.367321000000004
hier_nb,unweighted,LA-CH,200910,3,20.45084233333333
hier_nb,unweighted,LA-HO,200801,3,0.0006679999999999
hier_nb,unweighted,LA-HO,200804,3,0.018558666666666602
hier_nb,unweighted,LA-HO,200807,3,0.3115433333333333
hier_nb,unweighted,LA-HO,200810,3,0.3190083333333333
hier_nb,unweighted,LA-HO,200901,3,0.0009513333333332668
hier_nb,unweighted,LA-HO,200904,3,0.022501999999999935
hier_nb,unweighted,LA-HO,200907,3,0.3189869999999999
hier_nb,unweighted,LA-HO,200910,3,0.8494496666666667
hier_nb,unweighted,LA-KH,200801,3,0.29600633333333326
hier_nb,unweighted,LA-KH,200804,3,2.4054929999999994
hier_nb,unweighted,LA-KH,200807,3,7.2708513333333356
hier_nb,unweighted,LA-KH,200810,3,2.5942909999999997
hier_nb,unweighted,LA-KH,200901,3,1.5189863333333333
hier_nb,unweighted,LA-KH,200904,3,17.346344333333334
hier_nb,unweighted,LA-KH,200907,3,177.72558766666666
hier_nb,unweighted,LA-KH,200910,3,47.744739
hier_nb,unweighted,LA-LM,200801,3,0.0002156666666666332
hier_nb,unweighted,LA-LM,200804,3,0.0109459999999999
hier_nb,unweighted,LA-LM,200807,3,0.07867399999999983
hier_nb,unweighted,LA-LM,200810,3,0.0031133333333332666
hier_nb,unweighted,LA-LM,200901,3,0.0002549999999999667
hier_nb,unweighted,LA-LM,200904,3,0.8511116666666667
hier_nb,unweighted,LA-LM,200907,3,1.2583946666666668
hier_nb,unweighted,LA-LM,200910,3,4.608607666666667
hier_nb,unweighted,LA-LP,200801,3,10.446227333333333
hier_nb,unweighted,LA-LP,200804,3,75.779744
hier_nb,unweighted,LA-LP,200807,3,12.141927666666668
hier_nb,unweighted,LA-LP,200810,3,84.62407833333333
hier_nb,unweighted,LA-LP,200901,3,1.2151566666666664
hier_nb,unweighted,LA-LP,200904,3,3.7241420000000005
hier_nb,unweighted,LA-LP,200907,3,90.55361899999998
hier_nb,unweighted,LA-LP,200910,3,60.36434066666667
hier_nb,unweighted,LA-OU,200801,3,0.0010013333333332667
hier_nb,unweighted,LA-OU,200804,3,0.02468933333333333
hier_nb,unweighted,LA-OU,200807,3,0.09738233333333324
hier_nb,unweighted,LA-OU,200810,3,0.009831999999999933
hier_nb,unweighted,LA-OU,200901,3,0.0007026666666666667
hier_nb,unweighted,LA-OU,200904,3,0.021631
hier_nb,unweighted,LA-OU,200907,3,4.965339666666666
hier_nb,unweighted,LA-OU,200910,3,11.88912866666667
hier_nb,unweighted,LA-PH,200901,3,1.9000000000000065e-05
hier_nb,unweighted,LA-PH,200904,3,0.0005299999999999668
hier_nb,unweighted,LA-PH,200907,2,0.0017529999999999
hier_nb,unweighted,LA-PH,200910,3,0.00021766666666663285
hier_nb,unweighted,LA-SL,200801,3,1.7111733333333332
hier_nb,unweighted,LA-SL,200804,3,103.88416166666667
hier_nb,unweighted,LA-SL,200807,3,51.265020666666665
hier_nb,unweighted,LA-SL,200810,3,31.799812999999997
hier_nb,unweighted,LA-SL,200901,3,15.679166
hier_nb,unweighted,LA-SL,200904,3,48.89497033333333
hier_nb,unweighted,LA-SL,200907,3,88.41225933333334
hier_nb,unweighted,LA-SL,200910,3,38.478778999999996
hier_nb,unweighted,LA-SV,200801,3,2.018119666666666
hier_nb,unweighted,LA-SV,200804,3,13.036235999999997
hier_nb,unweighted,LA-SV,200807,3,39.41005799999999
hier_nb,unweighted,LA-SV,200810,3,11.023415333333325
hier_nb,unweighted,LA-SV,200901,3,1.656627000000001
hier_nb,unweighted,LA-SV,200904,3,12.312048333333337
hier_nb,unweighted,LA-SV,200907,3,31.804751333333332
hier_nb,unweighted,LA-SV,200910,3,12.26922533333333
hier_nb,unweighted,LA-VT,200801,3,6.948028333333333
hier_nb,unweighted,LA-VT,200804,3,56.78474833333333
hier_nb,unweighted,LA-VT,200807,3,106.63618766666667
hier_nb,unweighted,LA-VT,200810,3,36.49408433333333
hier_nb,unweighted,LA-VT,200901,3,6.691877333333333
hier_nb,unweighted,LA-VT,200904,3,33.71229266666668
hier_nb,unweighted,LA-VT,200907,3,96.87816533333334
hier_nb,unweighted,LA-VT,200910,3,278.368762
hier_nb,unweighted,LA-XA,200801,3,0.2453013333333329
hier_nb,unweighted,LA-XA,200804,3,3.384875333333334
hier_nb,unweighted,LA-XA,200807,3,12.662894333333336
hier_nb,unweighted,LA-XA,200810,3,3.2265176666666657
hier_nb,unweighted,LA-XA,200901,3,0.2942126666666668
hier_nb,unweighted,LA-XA,200904,3,3.6595653333333344
hier_nb,unweighted,LA-XA,200907,3,11.892081
hier_nb,unweighted,LA-XA,200910,3,3.221585666666664
hier_nb,unweighted,LA-XE,200801,3,0.010039333333333234
hier_nb,unweighted,LA-XE,200804,3,1.126289
hier_nb,unweighted,LA-XE,200807,3,0.5635426666666666
hier_nb,unweighted,LA-XE,200810,3,0.3266199999999999
hier_nb,unweighted,LA-XE,200901,3,1.207242
hier_nb,unweighted,LA-XE,200904,3,2.73181
hier_nb,unweighted,LA-XE,200907,3,16.401372666666667
hier_nb,unweighted,LA-XE,200910,3,4.061398666666666
hier_nb,unweighted,LA-XI,200801,3,5.5333333333299914e-05
hier_nb,unweighted,LA-XI,200804,3,0.303534
hier_nb,unweighted,LA-XI,200807,3,0.017280333333333234
hier_nb,unweighted,LA-XI,200810,3,0.0008976666666666002
hier_nb,unweighted,LA-XI,200901,3,6.166666666666689e-05
hier_nb,unweighted,LA-XI,200904,3,23.876865
hier_nb,unweighted,LA-XI,200907,3,2.8022250000000004
hier_nb,unweighted,LA-XI,200910,3,0.01881433333333307
persistence,unweighted,LA-AT,200801,3,1.6812813333333334
persistence,unweighted,LA-AT,200804,3,4.106614666666666
persistence,unweighted,LA-AT,200807,3,5.69472
persistence,unweighted,LA-AT,200810,3,13.460706666666667
persistence,unweighted,LA-AT,200901,3,25.881124333333332
persistence,unweighted,LA-AT,200904,3,48.654741
persistence,unweighted,LA-AT,200907,3,15.676706666666666
persistence,unweighted,LA-AT,200910,3,7.618963666666666
persistence,unweighted,LA-BK,200801,3,0.2655123333333333
persistence,unweighted,LA-BK,200804,3,21.052179000000002
persistence,unweighted,LA-BK,200807,3,37.462358
persistence,unweighted,LA-BK,200810,3,20.795691333333334
persistence,unweighted,LA-BK,200901,3,3.711522
persistence,unweighted,LA-BK,200904,3,95.90810033333332
persistence,unweighted,LA-BK,200907,3,90.534358
persistence,unweighted,LA-BK,200910,3,37.79569133333333
persistence,unweighted,LA-BL,200801,3,4.981733999999999
persistence,unweighted,LA-BL,200804,3,6.761734000000001
persistence,unweighted,LA-BL,200807,3,8.919644666666665
persistence,unweighted,LA-BL,200810,3,15.57459666666667
persistence,unweighted,LA-BL,200901,3,3.7330673333333344
persistence,unweighted,LA-BL,200904,3,3.8025516666666657
persistence,unweighted,LA-BL,200907,3,9.685767
persistence,unweighted,LA-BL,200910,3,3.516551666666667
persistence,unweighted,LA-CH,200801,3,16.941426
persistence,unweighted,LA-CH,200804,3,59.842193666666674
persistence,unweighted,LA-CH,200807,3,96.71532833333333
persistence,unweighted,LA-CH,200810,3,54.646523
persistence,unweighted,LA-CH,200901,3,21.32002166666667
persistence,unweighted,LA-CH,200904,3,26.788143333333338
persistence,unweighted,LA-CH,200907,3,13.942428333333334
persistence,unweighted,LA-CH,200910,3,42.76358466666667
persistence,unweighted,LA-HO,200801,3,0.8266336666666666
persistence,unweighted,LA-HO,200804,3,0.014824666666666634
persistence,unweighted,LA-HO,200807,3,0.2794913333333333
persistence,unweighted,LA-HO,200810,3,0.5619669999999999
persistence,unweighted,LA-HO,200901,3,0.8266336666666666
persistence,unweighted,LA-HO,200904,3,0.014824666666666634
persistence,unweighted,LA-HO,200907,3,0.2794913333333333
persistence,unweighted,LA-HO,200910,3,0.024633666666666634
persistence,unweighted,LA-KH,200801,3,2.0124589999999998
persistence,unweighted,LA-KH,200804,3,2.1437923333333324
persistence,unweighted,LA-KH,200807,3,3.0093156666666663
persistence,unweighted,LA-KH,200810,3,2.9498933333333337
persistence,unweighted,LA-KH,200901,3,3.9478933333333326
persistence,unweighted,LA-KH,200904,3,20.528405000000003
persistence,unweighted,LA-KH,200907,3,138.300151
persistence,unweighted,LA-KH,200910,3,176.91431033333333
persistence,unweighted,LA-LM,200801,3,0.007447666666666634
persistence,unweighted,LA-LM,200804,3,0.007447666666666634
persistence,unweighted,LA-LM,200807,3,0.007447666666666634
persistence,unweighted,LA-LM,200810,3,0.007447666666666634
persistence,unweighted,LA-LM,200901,3,0.007447666666666634
persistence,unweighted,LA-LM,200904,3,0.8861143333333333
persistence,unweighted,LA-LM,200907,3,1.4801753333333334
persistence,unweighted,LA-LM,200910,3,0.8934923333333332
persistence,unweighted,LA-LP,200801,3,6.835963333333333
persistence,unweighted,LA-LP,200804,3,67.32135066666667
persistence,unweighted,LA-LP,200807,3,127.65715633333333
persistence,unweighted,LA-LP,200810,3,74.39271933333333
persistence,unweighted,LA-LP,200901,3,142.42273866666667
persistence,unweighted,LA-LP,200904,3,2.6786216666666665
persistence,unweighted,LA-LP,200907,3,102.61353266666667
persistence,unweighted,LA-LP,200910,3,208.87791
persistence,unweighted,LA-OU,200801,3,0.006055999999999933
persistence,unweighted,LA-OU,200804,3,0.006055999999999933
persistence,unweighted,LA-OU,200807,3,0.006055999999999933
persistence,unweighted,LA-OU,200810,3,0.006055999999999933
persistence,unweighted,LA-OU,200901,3,0.006055999999999933
persistence,unweighted,LA-OU,200904,3,0.006055999999999933
persistence,unweighted,LA-OU,200907,3,5.202722666666667
persistence,unweighted,LA-OU,200910,3,4.453445333333334
persistence,unweighted,LA-PH,200901,3,0.0002786666666665667
persistence,unweighted,LA-PH,200904,3,0.0002786666666665667
persistence,unweighted,LA-PH,200907,2,0.00028999999999990004
persistence,unweighted,LA-PH,200910,3,0.0002786666666665667
persistence,unweighted,LA-SL,200801,3,4.119918666666667
persistence,unweighted,LA-SL,200804,3,104.23617100000001
persistence,unweighted,LA-SL,200807,3,145.96184133333335
persistence,unweighted,LA-SL,200810,3,45.7583
persistence,unweighted,LA-SL,200901,3,11.647574
persistence,unweighted,LA-SL,200904,3,37.280306333333336
persistence,unweighted,LA-SL,200907,3,81.36667133333333
persistence,unweighted,LA-SL,200910,3,38.45593066666667
persistence,unweighted,LA-SV,200801,3,8.831128999999999
persistence,unweighted,LA-SV,200804,3,9.589772000000002
persistence,unweighted,LA-SV,200807,3,11.091130666666666
persistence,unweighted,LA-SV,200810,3,9.983713999999999
persistence,unweighted,LA-SV,200901,3,8.741128999999995
persistence,unweighted,LA-SV,200904,3,8.758462333333332
persistence,unweighted,LA-SV,200907,3,20.11843866666667
persistence,unweighted,LA-SV,200910,3,24.36726866666666
persistence,unweighted,LA-VT,200801,3,50.131163333333326
persistence,unweighted,LA-VT,200804,3,25.197612333333325
persistence,unweighted,LA-VT,200807,3,50.37473466666666
persistence,unweighted,LA-VT,200810,3,44.45556533333334
persistence,unweighted,LA-VT,200901,3,44.381104000000015
persistence,unweighted,LA-VT,200904,3,29.003218000000004
persistence,unweighted,LA-VT,200907,3,182.55469533333334
persistence,unweighted,LA-VT,200910,3,52.11916233333333
persistence,unweighted,LA-XA,200801,3,1.8420333333333339
persistence,unweighted,LA-XA,200804,3,2.567304333333333
persistence,unweighted,LA-XA,200807,3,5.438438666666666
persistence,unweighted,LA-XA,200810,3,1.9360333333333337
persistence,unweighted,LA-XA,200901,3,1.8420333333333339
persistence,unweighted,LA-XA,200904,3,4.073304333333333
persistence,unweighted,LA-XA,200907,3,7.9128136666666675
persistence,unweighted,LA-XA,200910,3,6.005427666666666
persistence,unweighted,LA-XE,200801,3,0.6938183333333333
persistence,unweighted,LA-XE,200804,3,1.3974209999999998
persistence,unweighted,LA-XE,200807,3,3.8359649999999994
persistence,unweighted,LA-XE,200810,3,0.504485
persistence,unweighted,LA-XE,200901,3,0.6938183333333333
persistence,unweighted,LA-XE,200904,3,2.2893696666666665
persistence,unweighted,LA-XE,200907,3,12.784037
persistence,unweighted,LA-XE,200910,3,1.249639
persistence,unweighted,LA-XI,200801,3,0.0007116666666666668
persistence,unweighted,LA-XI,200804,3,0.31671166666666667
persistence,unweighted,LA-XI,200807,3,0.950687
persistence,unweighted,LA-XI,200810,3,0.0007116666666666668
persistence,unweighted,LA-XI,200901,3,0.0007116666666666668
persistence,unweighted,LA-XI,200904,3,23.95537833333334
persistence,unweighted,LA-XI,200907,3,29.26742333333333
persistence,unweighted,LA-XI,200910,3,0.0007116666666666668
reference,unweighted,LA-AT,200801,3,1.387398916666667
reference,unweighted,LA-AT,200804,3,2.0676680833333334
reference,unweighted,LA-AT,200807,3,9.198135083333334
reference,unweighted,LA-AT,200810,3,27.21486308333333
reference,unweighted,LA-AT,200901,3,35.28605425
reference,unweighted,LA-AT,200904,3,46.12386466666667
reference,unweighted,LA-AT,200907,3,24.723837250000003
reference,unweighted,LA-AT,200910,3,6.101223666666667
reference,unweighted,LA-BK,200801,3,0.31869791666666664
reference,unweighted,LA-BK,200804,3,20.535852000000002
reference,unweighted,LA-BK,200807,3,9.753999666666667
reference,unweighted,LA-BK,200810,3,24.192972666666666
reference,unweighted,LA-BK,200901,3,0.4743120833333334
reference,unweighted,LA-BK,200904,3,63.71498224999999
reference,unweighted,LA-BK,200907,3,105.95918166666667
reference,unweighted,LA-BK,200910,3,12.741614833333331
reference,unweighted,LA-BL,200801,3,3.879331666666667
reference,unweighted,LA-BL,200804,3,5.292028833333333
reference,unweighted,LA-BL,200807,3,19.740271249999996
reference,unweighted,LA-BL,200810,3,4.99440925
reference,unweighted,LA-BL,200901,3,1.1862246666666667
reference,unweighted,LA-BL,200904,3,3.417379916666667
reference,unweighted,LA-BL,200907,3,11.00757225
reference,unweighted,LA-BL,200910,3,2.7713587499999996
reference,unweighted,LA-CH,200801,3,41.09635991666667
reference,unweighted,LA-CH,200804,3,67.4999495
reference,unweighted,LA-CH,200807,3,102.10322674999999
reference,unweighted,LA-CH,200810,3,41.5941455
reference,unweighted,LA-CH,200901,3,19.184831666666668
reference,unweighted,LA-CH,200904,3,63.98974833333333
reference,unweighted,LA-CH,200907,3,66.16238224999996
reference,unweighted,LA-CH,200910,3,16.330263916666667
reference,unweighted,LA-HO,200801,3,0.004287833333333267
reference,unweighted,LA-HO,200804,3,0.023058
reference,unweighted,LA-HO,200807,3,0.5236265833333332
reference,unweighted,LA-HO,200810,3,0.3252205833333333
reference,unweighted,LA-HO,200901,3,0.02198424999999993
reference,unweighted,LA-HO,200904,3,0.020132999999999967
reference,unweighted,LA-HO,200907,3,0.4981515000000001
reference,unweighted,LA-HO,200910,3,0.7454293333333334
reference,unweighted,LA-KH,200801,3,0.3159130833333333
reference,unweighted,LA-KH,200804,3,1.4062664166666667
reference,unweighted,LA-KH,200807,3,4.455447333333331
reference,unweighted,LA-KH,200810,3,1.8289953333333333
reference,unweighted,LA-KH,200901,3,1.618193833333333
reference,unweighted,LA-KH,200904,3,22.47352241666667
reference,unweighted,LA-KH,200907,3,196.37037783333335
reference,unweighted,LA-KH,200910,3,31.412415499999998
reference,unweighted,LA-LM,200801,3,9.041666666663342e-05
reference,unweighted,LA-LM,200804,3,0.04436099999999996
reference,unweighted,LA-LM,200807,3,0.7217233333333337
reference,unweighted,LA-LM,200810,3,0.009754499999999966
reference,unweighted,LA-LM,200901,3,0.00022616666666656665
reference,unweighted,LA-LM,200904,3,0.9116934999999998
reference,unweighted,LA-LM,200907,3,1.487045083333334
reference,unweighted,LA-LM,200910,3,3.56075775
reference,unweighted,LA-LP,200801,3,11.826035
reference,unweighted,LA-LP,200804,3,68.95008858333334
reference,unweighted,LA-LP,200807,3,9.081767083333334
reference,unweighted,LA-LP,200810,3,94.25214891666667
reference,unweighted,LA-LP,200901,3,8.62140275
reference,unweighted,LA-LP,200904,3,39.424263833333335
reference,unweighted,LA-LP,200907,3,108.92031516666667
reference,unweighted,LA-LP,200910,3,38.02255225
reference,unweighted,LA-OU,200801,3,0.0004149166666665999
reference,unweighted,LA-OU,200804,3,0.09610674999999996
reference,unweighted,LA-OU,200807,3,1.5844515000000008
reference,unweighted,LA-OU,200810,3,0.013443416666666602
reference,unweighted,LA-OU,200901,3,0.0003213333333333
reference,unweighted,LA-OU,200904,3,0.0075018333333333005
reference,unweighted,LA-OU,200907,3,4.357431333333333
reference,unweighted,LA-OU,200910,3,9.12342725
reference,unweighted,LA-PH,200901,3,0.015028916666666633
reference,unweighted,LA-PH,200904,3,0.012738499999999932
reference,unweighted,LA-PH,200907,2,0.2463515
reference,unweighted,LA-PH,200910,3,0.0082049999999999
reference,unweighted,LA-SL,200801,3,1.6842691666666667
reference,unweighted,LA-SL,200804,3,91.60818749999999
reference,unweighted,LA-SL,200807,3,48.59832666666667
reference,unweighted,LA-SL,200810,3,16.153385083333333
reference,unweighted,LA-SL,200901,3,11.538993083333333
reference,unweighted,LA-SL,200904,3,27.639485249999996
reference,unweighted,LA-SL,200907,3,90.64619358333334
reference,unweighted,LA-SL,200910,3,19.618858166666666
reference,unweighted,LA-SV,200801,3,2.3555214166666665
reference,unweighted,LA-SV,200804,3,11.501667166666666
reference,unweighted,LA-SV,200807,3,22.58000999999999
reference,unweighted,LA-SV,200810,3,1.6660695833333339
reference,unweighted,LA-SV,200901,3,0.07476224999999993
reference,unweighted,LA-SV,200904,3,1.0419201666666666
reference,unweighted,LA-SV,200907,3,30.090449999999976
reference,unweighted,LA-SV,200910,3,8.077335249999999
reference,unweighted,LA-VT,200801,3,10.730455833333332
reference,unweighted,LA-VT,200804,3,33.72695841666667
reference,unweighted,LA-VT,200807,3,86.63211783333331
reference,unweighted,LA-VT,200810,3,48.14744775
reference,unweighted,LA-VT,200901,3,13.652277500000002
reference,unweighted,LA-VT,200904,3,99.15891258333333
reference,unweighted,LA-VT,200907,3,219.53671308333335
reference,unweighted,LA-VT,200910,3,230.89056616666667
reference,unweighted,LA-XA,200801,3,0.4844288333333333
reference,unweighted,LA-XA,200804,3,1.4788299166666665
reference,unweighted,LA-XA,200807,3,6.038686999999999
reference,unweighted,LA-XA,200810,3,0.935909
reference,unweighted,LA-XA,200901,3,0.11787291666666662
reference,unweighted,LA-XA,200904,3,2.364901333333333
reference,unweighted,LA-XA,200907,3,12.015243916666668
reference,unweighted,LA-XA,200910,3,2.6626634166666663
reference,unweighted,LA-XE,200801,3,0.009036416666666632
reference,unweighted,LA-XE,200804,3,1.3136581666666667
reference,unweighted,LA-XE,200807,3,0.5545985
reference,unweighted,LA-XE,200810,3,0.31178691666666664
reference,unweighted,LA-XE,200901,3,1.2144766666666669
reference,unweighted,LA-XE,200904,3,2.4524659166666667
reference,unweighted,LA-XE,200907,3,17.232024749999997
reference,unweighted,LA-XE,200910,3,5.192561500000001
reference,unweighted,LA-XI,200801,3,0.00033208333333323336
reference,unweighted,LA-XI,200804,3,0.28697683333333335
reference,unweighted,LA-XI,200807,3,0.3383859999999998
reference,unweighted,LA-XI,200810,3,0.006161999999999934
reference,unweighted,LA-XI,200901,3,0.0013292499999999667
reference,unweighted,LA-XI,200904,3,23.919554333333338
reference,unweighted,LA-XI,200907,3,2.7496956666666663
reference,unweighted,LA-XI,200910,3,0.5040557499999999
reference_r1,unweighted,LA-AT,200801,3,1.380725
reference_r1,unweighted,LA-AT,200804,3,1.9451553333333331
reference_r1,unweighted,LA-AT,200807,3,9.252092000000001
reference_r1,unweighted,LA-AT,200810,3,28.318612666666667
reference_r1,unweighted,LA-AT,200901,3,35.930824666666666
reference_r1,unweighted,LA-AT,200904,3,46.89689933333333
reference_r1,unweighted,LA-AT,200907,3,24.254478666666667
reference_r1,unweighted,LA-AT,200910,3,6.687907666666667
reference_r1,unweighted,LA-BK,200801,3,0.31886433333333336
reference_r1,unweighted,LA-BK,200804,3,21.279976
reference_r1,unweighted,LA-BK,200807,3,9.559117666666667
reference_r1,unweighted,LA-BK,200810,3,24.213625000000004
reference_r1,unweighted,LA-BK,200901,3,0.44780566666666677
reference_r1,unweighted,LA-BK,200904,3,63.99942533333333
reference_r1,unweighted,LA-BK,200907,3,103.96479666666666
reference_r1,unweighted,LA-BK,200910,3,12.361792666666668
reference_r1,unweighted,LA-BL,200801,3,3.897444333333334
reference_r1,unweighted,LA-BL,200804,3,4.1103663333333325
reference_r1,unweighted,LA-BL,200807,3,20.460357666666663
reference_r1,unweighted,LA-BL,200810,3,4.980891666666667
reference_r1,unweighted,LA-BL,200901,3,1.1792930000000001
reference_r1,unweighted,LA-BL,200904,3,3.394078333333333
reference_r1,unweighted,LA-BL,200907,3,11.771013666666667
reference_r1,unweighted,LA-BL,200910,3,2.6936249999999995
reference_r1,unweighted,LA-CH,200801,3,40.366171333333334
reference_r1,unweighted,LA-CH,200804,3,58.63282000000001
reference_r1,unweighted,LA-CH,200807,3,102.65462066666664
reference_r1,unweighted,LA-CH,200810,3,42.859000333333334
reference_r1,unweighted,LA-CH,200901,3,19.226842333333334
reference_r1,unweighted,LA-CH,200904,3,64.25618933333332
reference_r1,unweighted,LA-CH,200907,3,65.9508143333333
reference_r1,unweighted,LA-CH,200910,3,15.725946666666667
reference_r1,unweighted,LA-HO,200801,3,0.0033173333333332664
reference_r1,unweighted,LA-HO,200804,3,0.010242666666666567
reference_r1,unweighted,LA-HO,200807,3,0.4162896666666664
reference_r1,unweighted,LA-HO,200810,3,0.327478
reference_r1,unweighted,LA-HO,200901,3,0.0213796666666666
reference_r1,unweighted,LA-HO,200904,3,0.0197803333333333
reference_r1,unweighted,LA-HO,200907,3,0.5808179999999998
reference_r1,unweighted,LA-HO,200910,3,0.749842
reference_r1,unweighted,LA-KH,200801,3,0.3057156666666668
reference_r1,unweighted,LA-KH,200804,3,1.4878096666666665
reference_r1,unweighted,LA-KH,200807,3,4.183118
reference_r1,unweighted,LA-KH,200810,3,1.8301956666666668
reference_r1,unweighted,LA-KH,200901,3,1.6109453333333335
reference_r1,unweighted,LA-KH,200904,3,23.013656
reference_r1,unweighted,LA-KH,200907,3,194.02537099999998
reference_r1,unweighted,LA-KH,200910,3,30.439923999999994
reference_r1,unweighted,LA-LM,200801,3,6.699999999996673e-05
reference_r1,unweighted,LA-LM,200804,3,0.0010459999999999
reference_r1,unweighted,LA-LM,200807,3,0.7439450000000001
reference_r1,unweighted,LA-LM,200810,3,0.010997666666666633
reference_r1,unweighted,LA-LM,200901,3,0.00020266666666663333
reference_r1,unweighted,LA-LM,200904,3,0.9065036666666666
reference_r1,unweighted,LA-LM,200907,3,1.5832970000000006
reference_r1,unweighted,LA-LM,200910,3,3.5432143333333332
reference_r1,unweighted,LA-LP,200801,3,11.746953666666668
reference_r1,unweighted,LA-LP,200804,3,58.551753999999995
reference_r1,unweighted,LA-LP,200807,3,9.251693666666666
reference_r1,unweighted,LA-LP,200810,3,94.56219700000001
reference_r1,unweighted,LA-LP,200901,3,8.351766000000001
reference_r1,unweighted,LA-LP,200904,3,39.82991366666667
reference_r1,unweighted,LA-LP,200907,3,106.08792499999998
reference_r1,unweighted,LA-LP,200910,3,38.04020566666667
reference_r1,unweighted,LA-OU,200801,3,0.0004033333333333001
reference_r1,unweighted,LA-OU,200804,3,0.006944666666666634
reference_r1,unweighted,LA-OU,200807,3,1.357367666666666
reference_r1,unweighted,LA-OU,200810,3,0.015166666666666566
reference_r1,unweighted,LA-OU,200901,3,0.0003366666666666668
reference_r1,unweighted,LA-OU,200904,3,0.0073403333333332335
reference_r1,unweighted,LA-OU,200907,3,4.610592333333332
reference_r1,unweighted,LA-OU,200910,3,9.288899
reference_r1,unweighted,LA-PH,200901,3,0.018419999999999968
reference_r1,unweighted,LA-PH,200904,3,0.013696666666666635
reference_r1,unweighted,LA-PH,200907,2,0.2370589999999999
reference_r1,unweighted,LA-PH,200910,3,0.008324999999999935
reference_r1,unweighted,LA-SL,200801,3,1.6733773333333335
reference_r1,unweighted,LA-SL,200804,3,92.84363366666666
reference_r1,unweighted,LA-SL,200807,3,48.577975333333335
reference_r1,unweighted,LA-SL,200810,3,16.480291333333334
reference_r1,unweighted,LA-SL,200901,3,11.587748333333336
reference_r1,unweighted,LA-SL,200904,3,26.735241333333335
reference_r1,unweighted,LA-SL,200907,3,88.38180299999999
reference_r1,unweighted,LA-SL,200910,3,19.276659666666667
reference_r1,unweighted,LA-SV,200801,3,2.3743020000000006
reference_r1,unweighted,LA-SV,200804,3,13.179100333333333
reference_r1,unweighted,LA-SV,200807,3,22.63758033333333
reference_r1,unweighted,LA-SV,200810,3,1.6498353333333338
reference_r1,unweighted,LA-SV,200901,3,0.06992266666666659
reference_r1,unweighted,LA-SV,200904,3,1.0513753333333333
reference_r1,unweighted,LA-SV,200907,3,32.65807999999996
reference_r1,unweighted,LA-SV,200910,3,8.411758333333333
reference_r1,unweighted,LA-VT,200801,3,10.411347333333335
reference_r1,unweighted,LA-VT,200804,3,36.63405199999999
reference_r1,unweighted,LA-VT,200807,3,86.80951666666665
reference_r1,unweighted,LA-VT,200810,3,50.03848833333333
reference_r1,unweighted,LA-VT,200901,3,13.406716333333334
reference_r1,unweighted,LA-VT,200904,3,95.14049299999999
reference_r1,unweighted,LA-VT,200907,3,221.98876399999997
reference_r1,unweighted,LA-VT,200910,3,228.12986999999998
reference_r1,unweighted,LA-XA,200801,3,0.4956690000000001
reference_r1,unweighted,LA-XA,200804,3,1.3968486666666664
reference_r1,unweighted,LA-XA,200807,3,5.81962333333333
reference_r1,unweighted,LA-XA,200810,3,0.8883536666666666
reference_r1,unweighted,LA-XA,200901,3,0.11379666666666662
reference_r1,unweighted,LA-XA,200904,3,2.3291109999999997
reference_r1,unweighted,LA-XA,200907,3,11.775543666666664
reference_r1,unweighted,LA-XA,200910,3,2.5303339999999994
reference_r1,unweighted,LA-XE,200801,3,0.00871
reference_r1,unweighted,LA-XE,200804,3,1.3744016666666667
reference_r1,unweighted,LA-XE,200807,3,0.42209966666666654
reference_r1,unweighted,LA-XE,200810,3,0.3189686666666666
reference_r1,unweighted,LA-XE,200901,3,1.2118576666666667
reference_r1,unweighted,LA-XE,200904,3,2.4315576666666665
reference_r1,unweighted,LA-XE,200907,3,16.96538333333333
reference_r1,unweighted,LA-XE,200910,3,3.758616333333333
reference_r1,unweighted,LA-XI,200801,3,0.0003736666666666333
reference_r1,unweighted,LA-XI,200804,3,0.31224999999999997
reference_r1,unweighted,LA-XI,200807,3,0.24542799999999979
reference_r1,unweighted,LA-XI,200810,3,0.004335333333333234
reference_r1,unweighted,LA-XI,200901,3,0.0011589999999999667
reference_r1,unweighted,LA-XI,200904,3,23.91403366666667
reference_r1,unweighted,LA-XI,200907,3,2.7514463333333334
reference_r1,unweighted,LA-XI,200910,3,0.539787
reference_r2,unweighted,LA-AT,200801,3,1.3714056666666667
reference_r2,unweighted,LA-AT,200804,3,2.5500026666666664
reference_r2,unweighted,LA-AT,200807,3,9.309490666666669
reference_r2,unweighted,LA-AT,200810,3,28.331331000000002
reference_r2,unweighted,LA-AT,200901,3,35.77055766666667
reference_r2,unweighted,LA-AT,200904,3,45.221681999999994
reference_r2,unweighted,LA-AT,200907,3,24.055970333333335
reference_r2,unweighted,LA-AT,200910,3,5.703989333333333
reference_r2,unweighted,LA-BK,200801,3,0.31623266666666666
reference_r2,unweighted,LA-BK,200804,3,18.326998666666668
reference_r2,unweighted,LA-BK,200807,3,9.777105666666666
reference_r2,unweighted,LA-BK,200810,3,24.710051333333336
reference_r2,unweighted,LA-BK,200901,3,0.43992366666666666
reference_r2,unweighted,LA-BK,200904,3,63.703231666666674
reference_r2,unweighted,LA-BK,200907,3,104.67395933333334
reference_r2,unweighted,LA-BK,200910,3,14.151893
reference_r2,unweighted,LA-BL,200801,3,3.782275
reference_r2,unweighted,LA-BL,200804,3,8.233406
reference_r2,unweighted,LA-BL,200807,3,19.58159933333333
reference_r2,unweighted,LA-BL,200810,3,5.030272000000001
reference_r2,unweighted,LA-BL,200901,3,1.1568929999999997
reference_r2,unweighted,LA-BL,200904,3,3.341450333333333
reference_r2,unweighted,LA-BL,200907,3,10.904155000000001
reference_r2,unweighted,LA-BL,200910,3,2.873033666666666
reference_r2,unweighted,LA-CH,200801,3,39.91583966666667
reference_r2,unweighted,LA-CH,200804,3,89.25003566666665
reference_r2,unweighted,LA-CH,200807,3,103.40307100000001
reference_r2,unweighted,LA-CH,200810,3,44.270961
reference_r2,unweighted,LA-CH,200901,3,19.907132666666666
reference_r2,unweighted,LA-CH,200904,3,63.026697333333345
reference_r2,unweighted,LA-CH,200907,3,65.85846033333333
reference_r2,unweighted,LA-CH,200910,3,17.535397
reference_r2,unweighted,LA-HO,200801,3,0.0033393333333332667
reference_r2,unweighted,LA-HO,200804,3,0.05809166666666663
reference_r2,unweighted,LA-HO,200807,3,0.5804953333333334
reference_r2,unweighted,LA-HO,200810,3,0.32658899999999996
reference_r2,unweighted,LA-HO,200901,3,0.023023333333333233
reference_r2,unweighted,LA-HO,200904,3,0.02082899999999997
reference_r2,unweighted,LA-HO,200907,3,0.5666083333333335
reference_r2,unweighted,LA-HO,200910,3,0.746921
reference_r2,unweighted,LA-KH,200801,3,0.3429266666666666
reference_r2,unweighted,LA-KH,200804,3,1.169822666666667
reference_r2,unweighted,LA-KH,200807,3,4.397328999999999
reference_r2,unweighted,LA-KH,200810,3,1.881816
reference_r2,unweighted,LA-KH,200901,3,1.6328106666666666
reference_r2,unweighted,LA-KH,200904,3,22.126886333333335
reference_r2,unweighted,LA-KH,200907,3,191.87838133333332
reference_r2,unweighted,LA-KH,200910,3,32.06509066666667
reference_r2,unweighted,LA-LM,200801,3,0.00010366666666666651
reference_r2,unweighted,LA-LM,200804,3,0.17366999999999996
reference_r2,unweighted,LA-LM,200807,3,0.7389463333333337
reference_r2,unweighted,LA-LM,200810,3,0.008885999999999967
reference_r2,unweighted,LA-LM,200901,3,0.0002286666666665998
reference_r2,unweighted,LA-LM,200904,3,0.9102903333333332
reference_r2,unweighted,LA-LM,200907,3,1.5436889999999999
reference_r2,unweighted,LA-LM,200910,3,3.5415236666666665
reference_r2,unweighted,LA-LP,200801,3,11.773610333333332
reference_r2,unweighted,LA-LP,200804,3,99.23864766666668
reference_r2,unweighted,LA-LP,200807,3,9.025373333333334
reference_r2,unweighted,LA-LP,200810,3,94.47533366666666
reference_r2,unweighted,LA-LP,200901,3,8.028470333333331
reference_r2,unweighted,LA-LP,200904,3,39.36780166666667
reference_r2,unweighted,LA-LP,200907,3,107.903053
reference_r2,unweighted,LA-LP,200910,3,38.272827666666664
reference_r2,unweighted,LA-OU,200801,3,0.0004619999999999664
reference_r2,unweighted,LA-OU,200804,3,0.36443999999999993
reference_r2,unweighted,LA-OU,200807,3,1.6308699999999998
reference_r2,unweighted,LA-OU,200810,3,0.012554999999999967
reference_r2,unweighted,LA-OU,200901,3,0.00023099999999990001
reference_r2,unweighted,LA-OU,200904,3,0.007309333333333266
reference_r2,unweighted,LA-OU,200907,3,4.267474333333333
reference_r2,unweighted,LA-OU,200910,3,9.038614
reference_r2,unweighted,LA-PH,200901,3,0.014702999999999966
reference_r2,unweighted,LA-PH,200904,3,0.0128706666666666
reference_r2,unweighted,LA-PH,200907,2,0.3394184999999998
reference_r2,unweighted,LA-PH,200910,3,0.0077303333333333
reference_r2,unweighted,LA-SL,200801,3,1.6620173333333332
reference_r2,unweighted,LA-SL,200804,3,90.69046433333334
reference_r2,unweighted,LA-SL,200807,3,47.56910933333333
reference_r2,unweighted,LA-SL,200810,3,16.377689333333333
reference_r2,unweighted,LA-SL,200901,3,11.654169333333336
reference_r2,unweighted,LA-SL,200904,3,28.664438999999998
reference_r2,unweighted,LA-SL,200907,3,88.19260466666667
reference_r2,unweighted,LA-SL,200910,3,19.59519166666667
reference_r2,unweighted,LA-SV,200801,3,2.4318183333333327
reference_r2,unweighted,LA-SV,200804,3,7.800031333333337
reference_r2,unweighted,LA-SV,200807,3,22.411360333333306
reference_r2,unweighted,LA-SV,200810,3,1.6711950000000002
reference_r2,unweighted,LA-SV,200901,3,0.07573266666666657
reference_r2,unweighted,LA-SV,200904,3,1.024869
reference_r2,unweighted,LA-SV,200907,3,34.31249233333332
reference_r2,unweighted,LA-SV,200910,3,7.921892666666667
reference_r2,unweighted,LA-VT,200801,3,10.959199666666668
reference_r2,unweighted,LA-VT,200804,3,16.71188233333334
reference_r2,unweighted,LA-VT,200807,3,85.34884666666666
reference_r2,unweighted,LA-VT,200810,3,50.097848000000006
reference_r2,unweighted,LA-VT,200901,3,13.407278333333332
reference_r2,unweighted,LA-VT,200904,3,97.20153233333333
reference_r2,unweighted,LA-VT,200907,3,217.36796300000003
reference_r2,unweighted,LA-VT,200910,3,223.89936733333334
reference_r2,unweighted,LA-XA,200801,3,0.497814
reference_r2,unweighted,LA-XA,200804,3,1.546854333333333
reference_r2,unweighted,LA-XA,200807,3,5.654488
reference_r2,unweighted,LA-XA,200810,3,0.9334730000000001
reference_r2,unweighted,LA-XA,200901,3,0.11810966666666667
reference_r2,unweighted,LA-XA,200904,3,2.4456849999999997
reference_r2,unweighted,LA-XA,200907,3,12.08508
reference_r2,unweighted,LA-XA,200910,3,2.7497759999999993
reference_r2,unweighted,LA-XE,200801,3,0.0086713333333333
reference_r2,unweighted,LA-XE,200804,3,1.2034580000000001
reference_r2,unweighted,LA-XE,200807,3,0.5747670000000001
reference_r2,unweighted,LA-XE,200810,3,0.31102766666666665
reference_r2,unweighted,LA-XE,200901,3,1.224285
reference_r2,unweighted,LA-XE,200904,3,2.4339676666666668
reference_r2,unweighted,LA-XE,200907,3,16.667923
reference_r2,unweighted,LA-XE,200910,3,6.178297000000003
reference_r2,unweighted,LA-XI,200801,3,0.0002616666666666331
reference_r2,unweighted,LA-XI,200804,3,0.21557966666666672
reference_r2,unweighted,LA-XI,200807,3,0.41545033333333264
reference_r2,unweighted,LA-XI,200810,3,0.006332999999999966
reference_r2,unweighted,LA-XI,200901,3,0.0016403333333332999
reference_r2,unweighted,LA-XI,200904,3,23.924908
reference_r2,unweighted,LA-XI,200907,3,2.720672333333333
reference_r2,unweighted,LA-XI,200910,3,0.44136033333333335
reference_r3,unweighted,LA-AT,200801,3,1.3712689999999998
reference_r3,unweighted,LA-AT,200804,3,1.9259040000000003
reference_r3,unweighted,LA-AT,200807,3,9.334513666666668
reference_r3,unweighted,LA-AT,200810,3,24.099844333333333
reference_r3,unweighted,LA-AT,200901,3,35.878894333333335
reference_r3,unweighted,LA-AT,200904,3,45.488867333333324
reference_r3,unweighted,LA-AT,200907,3,26.264301333333332
reference_r3,unweighted,LA-AT,200910,3,6.216153666666666
reference_r3,unweighted,LA-BK,200801,3,0.316258
reference_r3,unweighted,LA-BK,200804,3,21.285385666666667
reference_r3,unweighted,LA-BK,200807,3,9.792450666666666
reference_r3,unweighted,LA-BK,200810,3,22.96711766666667
reference_r3,unweighted,LA-BK,200901,3,0.43844166666666656
reference_r3,unweighted,LA-BK,200904,3,63.610740666666665
reference_r3,unweighted,LA-BK,200907,3,111.968825
reference_r3,unweighted,LA-BK,200910,3,11.541561666666666
reference_r3,unweighted,LA-BL,200801,3,3.959823
reference_r3,unweighted,LA-BL,200804,3,4.590927666666667
reference_r3,unweighted,LA-BL,200807,3,19.34421133333333
reference_r3,unweighted,LA-BL,200810,3,5.118338666666667
reference_r3,unweighted,LA-BL,200901,3,1.1635223333333335
reference_r3,unweighted,LA-BL,200904,3,3.517457666666667
reference_r3,unweighted,LA-BL,200907,3,10.507798666666664
reference_r3,unweighted,LA-BL,200910,3,2.7146286666666666
reference_r3,unweighted,LA-CH,200801,3,43.311677333333336
reference_r3,unweighted,LA-CH,200804,3,63.257839666666676
reference_r3,unweighted,LA-CH,200807,3,103.94929799999998
reference_r3,unweighted,LA-CH,200810,3,36.06534666666666
reference_r3,unweighted,LA-CH,200901,3,19.541439666666665
reference_r3,unweighted,LA-CH,200904,3,64.810064
reference_r3,unweighted,LA-CH,200907,3,67.91220833333334
reference_r3,unweighted,LA-CH,200910,3,14.773425333333334
reference_r3,unweighted,LA-HO,200801,3,0.0064393333333332995
reference_r3,unweighted,LA-HO,200804,3,0.01479
reference_r3,unweighted,LA-HO,200807,3,0.5828556666666665
reference_r3,unweighted,LA-HO,200810,3,0.3186823333333333
reference_r3,unweighted,LA-HO,200901,3,0.020114999999999966
reference_r3,unweighted,LA-HO,200904,3,0.02073599999999993
reference_r3,unweighted,LA-HO,200907,3,0.30705666666666664
reference_r3,unweighted,LA-HO,200910,3,0.7681316666666667
reference_r3,unweighted,LA-KH,200801,3,0.31166733333333335
reference_r3,unweighted,LA-KH,200804,3,1.5422813333333334
reference_r3,unweighted,LA-KH,200807,3,5.094507999999995
reference_r3,unweighted,LA-KH,200810,3,1.738246
reference_r3,unweighted,LA-KH,200901,3,1.6395096666666664
reference_r3,unweighted,LA-KH,200904,3,22.477000999999998
reference_r3,unweighted,LA-KH,200907,3,212.09678033333333
reference_r3,unweighted,LA-KH,200910,3,30.83313366666667
reference_r3,unweighted,LA-LM,200801,3,0.0001093333333333003
reference_r3,unweighted,LA-LM,200804,3,0.0010566666666666335
reference_r3,unweighted,LA-LM,200807,3,0.6292676666666678
reference_r3,unweighted,LA-LM,200810,3,0.008651666666666632
reference_r3,unweighted,LA-LM,200901,3,0.00022199999999993316
reference_r3,unweighted,LA-LM,200904,3,0.9181683333333334
reference_r3,unweighted,LA-LM,200907,3,1.177033
reference_r3,unweighted,LA-LM,200910,3,3.559598
reference_r3,unweighted,LA-LP,200801,3,11.904499000000001
reference_r3,unweighted,LA-LP,200804,3,61.421747333333336
reference_r3,unweighted,LA-LP,200807,3,8.930133333333332
reference_r3,unweighted,LA-LP,200810,3,93.39645733333333
reference_r3,unweighted,LA-LP,200901,3,8.439281000000001
reference_r3,unweighted,LA-LP,200904,3,39.35650566666666
reference_r3,unweighted,LA-LP,200907,3,116.40192866666666
reference_r3,unweighted,LA-LP,200910,3,36.50840099999999
reference_r3,unweighted,LA-OU,200801,3,0.0005636666666665998
reference_r3,unweighted,LA-OU,200804,3,0.006150333333333233
reference_r3,unweighted,LA-OU,200807,3,1.6520183333333367
reference_r3,unweighted,LA-OU,200810,3,0.011948999999999967
reference_r3,unweighted,LA-OU,200901,3,0.0004423333333333002
reference_r3,unweighted,LA-OU,200904,3,0.008097666666666633
reference_r3,unweighted,LA-OU,200907,3,4.099670666666666
reference_r3,unweighted,LA-OU,200910,3,9.194923000000001
reference_r3,unweighted,LA-PH,200901,3,0.015642666666666635
reference_r3,unweighted,LA-PH,200904,3,0.011931999999999934
reference_r3,unweighted,LA-PH,200907,2,0.08272149999999995
reference_r3,unweighted,LA-PH,200910,3,0.008937333333333233
reference_r3,unweighted,LA-SL,200801,3,1.734794
reference_r3,unweighted,LA-SL,200804,3,92.38283566666667
reference_r3,unweighted,LA-SL,200807,3,49.67151033333334
reference_r3,unweighted,LA-SL,200810,3,15.778145
reference_r3,unweighted,LA-SL,200901,3,11.634506333333333
reference_r3,unweighted,LA-SL,200904,3,27.794464333333327
reference_r3,unweighted,LA-SL,200907,3,98.28843566666667
reference_r3,unweighted,LA-SL,200910,3,19.275661666666668
reference_r3,unweighted,LA-SV,200801,3,2.2210219999999996
reference_r3,unweighted,LA-SV,200804,3,12.267814333333332
reference_r3,unweighted,LA-SV,200807,3,23.550130333333318
reference_r3,unweighted,LA-SV,200810,3,1.691214666666667
reference_r3,unweighted,LA-SV,200901,3,0.07146233333333327
reference_r3,unweighted,LA-SV,200904,3,1.0499713333333334
reference_r3,unweighted,LA-SV,200907,3,21.663076333333333
reference_r3,unweighted,LA-SV,200910,3,8.397760333333334
reference_r3,unweighted,LA-VT,200801,3,11.265725333333336
reference_r3,unweighted,LA-VT,200804,3,43.00987966666667
reference_r3,unweighted,LA-VT,200807,3,83.53092133333332
reference_r3,unweighted,LA-VT,200810,3,43.12763233333334
reference_r3,unweighted,LA-VT,200901,3,14.181150666666667
reference_r3,unweighted,LA-VT,200904,3,107.173921
reference_r3,unweighted,LA-VT,200907,3,219.187862
reference_r3,unweighted,LA-VT,200910,3,243.307667
reference_r3,unweighted,LA-XA,200801,3,0.49737733333333334
reference_r3,unweighted,LA-XA,200804,3,1.5757656666666664
reference_r3,unweighted,LA-XA,200807,3,6.200686
reference_r3,unweighted,LA-XA,200810,3,1.0196326666666666
reference_r3,unweighted,LA-XA,200901,3,0.11899266666666668
reference_r3,unweighted,LA-XA,200904,3,2.3164533333333335
reference_r3,unweighted,LA-XA,200907,3,12.476438000000002
reference_r3,unweighted,LA-XA,200910,3,2.641678
reference_r3,unweighted,LA-XE,200801,3,0.0113413333333333
reference_r3,unweighted,LA-XE,200804,3,1.3270573333333333
reference_r3,unweighted,LA-XE,200807,3,0.5407653333333332
reference_r3,unweighted,LA-XE,200810,3,0.30891833333333324
reference_r3,unweighted,LA-XE,200901,3,1.210748
reference_r3,unweighted,LA-XE,200904,3,2.5341489999999998
reference_r3,unweighted,LA-XE,200907,3,18.665335666666667
reference_r3,unweighted,LA-XE,200910,3,4.013650000000003
reference_r3,unweighted,LA-XI,200801,3,0.00031766666666659983
reference_r3,unweighted,LA-XI,200804,3,0.3098783333333333
reference_r3,unweighted,LA-XI,200807,3,0.40295800000000015
reference_r3,unweighted,LA-XI,200810,3,0.0071003333333333
reference_r3,unweighted,LA-XI,200901,3,0.001398999999999967
reference_r3,unweighted,LA-XI,200904,3,23.91827933333333
reference_r3,unweighted,LA-XI,200907,3,2.8461373333333335
reference_r3,unweighted,LA-XI,200910,3,0.5274713333333333
reference_r4,unweighted,LA-AT,200801,3,1.426196
reference_r4,unweighted,LA-AT,200804,3,1.8496103333333334
reference_r4,unweighted,LA-AT,200807,3,8.896443999999997
reference_r4,unweighted,LA-AT,200810,3,28.10966433333333
reference_r4,unweighted,LA-AT,200901,3,33.563940333333335
reference_r4,unweighted,LA-AT,200904,3,46.88801000000001
reference_r4,unweighted,LA-AT,200907,3,24.320598666666665
reference_r4,unweighted,LA-AT,200910,3,5.796844
reference_r4,unweighted,LA-BK,200801,3,0.32343666666666665
reference_r4,unweighted,LA-BK,200804,3,21.251047666666665
reference_r4,unweighted,LA-BK,200807,3,9.887324666666666
reference_r4,unweighted,LA-BK,200810,3,24.881096666666664
reference_r4,unweighted,LA-BK,200901,3,0.5710773333333334
reference_r4,unweighted,LA-BK,200904,3,63.54653133333333
reference_r4,unweighted,LA-BK,200907,3,103.22914566666667
reference_r4,unweighted,LA-BK,200910,3,12.911211999999997
reference_r4,unweighted,LA-BL,200801,3,3.877784333333333
reference_r4,unweighted,LA-BL,200804,3,4.233415333333334
reference_r4,unweighted,LA-BL,200807,3,19.574916666666667
reference_r4,unweighted,LA-BL,200810,3,4.848134666666668
reference_r4,unweighted,LA-BL,200901,3,1.2451903333333332
reference_r4,unweighted,LA-BL,200904,3,3.4165333333333336
reference_r4,unweighted,LA-BL,200907,3,10.847321666666664
reference_r4,unweighted,LA-BL,200910,3,2.804147666666667
reference_r4,unweighted,LA-CH,200801,3,40.79175133333334
reference_r4,unweighted,LA-CH,200804,3,58.85910266666665
reference_r4,unweighted,LA-CH,200807,3,98.40591733333333
reference_r4,unweighted,LA-CH,200810,3,43.181274
reference_r4,unweighted,LA-CH,200901,3,18.063912000000002
reference_r4,unweighted,LA-CH,200904,3,63.86604266666666
reference_r4,unweighted,LA-CH,200907,3,64.92804599999992
reference_r4,unweighted,LA-CH,200910,3,17.28628666666667
reference_r4,unweighted,LA-HO,200801,3,0.0040553333333333
reference_r4,unweighted,LA-HO,200804,3,0.009107666666666634
reference_r4,unweighted,LA-HO,200807,3,0.5148656666666666
reference_r4,unweighted,LA-HO,200810,3,0.32813299999999995
reference_r4,unweighted,LA-HO,200901,3,0.023418999999999968
reference_r4,unweighted,LA-HO,200904,3,0.019186666666666633
reference_r4,unweighted,LA-HO,200907,3,0.5381230000000002
reference_r4,unweighted,LA-HO,200910,3,0.7168226666666667
reference_r4,unweighted,LA-KH,200801,3,0.3033426666666666
reference_r4,unweighted,LA-KH,200804,3,1.425152
reference_r4,unweighted,LA-KH,200807,3,4.146834333333331
reference_r4,unweighted,LA-KH,200810,3,1.8657236666666666
reference_r4,unweighted,LA-KH,200901,3,1.5895096666666666
reference_r4,unweighted,LA-KH,200904,3,22.276546333333332
reference_r4,unweighted,LA-KH,200907,3,187.48097866666663
reference_r4,unweighted,LA-KH,200910,3,32.31151366666666
reference_r4,unweighted,LA-LM,200801,3,8.166666666663341e-05
reference_r4,unweighted,LA-LM,200804,3,0.001671333333333233
reference_r4,unweighted,LA-LM,200807,3,0.7747343333333335
reference_r4,unweighted,LA-LM,200810,3,0.0104826666666666
reference_r4,unweighted,LA-LM,200901,3,0.0002513333333332333
reference_r4,unweighted,LA-LM,200904,3,0.9118116666666666
reference_r4,unweighted,LA-LM,200907,3,1.6441613333333354
reference_r4,unweighted,LA-LM,200910,3,3.5986950000000006
reference_r4,unweighted,LA-LP,200801,3,11.879077
reference_r4,unweighted,LA-LP,200804,3,56.58820533333333
reference_r4,unweighted,LA-LP,200807,3,9.119868
reference_r4,unweighted,LA-LP,200810,3,94.57460766666667
reference_r4,unweighted,LA-LP,200901,3,9.666093666666667
reference_r4,unweighted,LA-LP,200904,3,39.14283433333333
reference_r4,unweighted,LA-LP,200907,3,105.28835399999998
reference_r4,unweighted,LA-LP,200910,3,39.26877466666666
reference_r4,unweighted,LA-OU,200801,3,0.00023066666666659997
reference_r4,unweighted,LA-OU,200804,3,0.006891999999999967
reference_r4,unweighted,LA-OU,200807,3,1.6975500000000008
reference_r4,unweighted,LA-OU,200810,3,0.014102999999999965
reference_r4,unweighted,LA-OU,200901,3,0.00027533333333326654
reference_r4,unweighted,LA-OU,200904,3,0.007259999999999965
reference_r4,unweighted,LA-OU,200907,3,4.451988
reference_r4,unweighted,LA-OU,200910,3,8.971272999999998
reference_r4,unweighted,LA-PH,200901,3,0.011349999999999999
reference_r4,unweighted,LA-PH,200904,3,0.0124546666666666
reference_r4,unweighted,LA-PH,200907,2,0.32620700000000036
reference_r4,unweighted,LA-PH,200910,3,0.007827333333333299
reference_r4,unweighted,LA-SL,200801,3,1.6668880000000001
reference_r4,unweighted,LA-SL,200804,3,90.51581633333335
reference_r4,unweighted,LA-SL,200807,3,48.574711666666666
reference_r4,unweighted,LA-SL,200810,3,15.977414666666663
reference_r4,unweighted,LA-SL,200901,3,11.279548333333333
reference_r4,unweighted,LA-SL,200904,3,27.36379633333334
reference_r4,unweighted,LA-SL,200907,3,87.721931
reference_r4,unweighted,LA-SL,200910,3,20.327919666666663
reference_r4,unweighted,LA-SV,200801,3,2.3949433333333334
reference_r4,unweighted,LA-SV,200804,3,12.759722666666669
reference_r4,unweighted,LA-SV,200807,3,21.720969000000014
reference_r4,unweighted,LA-SV,200810,3,1.6520333333333335
reference_r4,unweighted,LA-SV,200901,3,0.08193133333333326
reference_r4,unweighted,LA-SV,200904,3,1.0414649999999999
reference_r4,unweighted,LA-SV,200907,3,31.728151333333283
reference_r4,unweighted,LA-SV,200910,3,7.577929666666666
reference_r4,unweighted,LA-VT,200801,3,10.285551
reference_r4,unweighted,LA-VT,200804,3,38.55201966666667
reference_r4,unweighted,LA-VT,200807,3,90.83918666666659
reference_r4,unweighted,LA-VT,200810,3,49.32582233333333
reference_r4,unweighted,LA-VT,200901,3,13.613964666666668
reference_r4,unweighted,LA-VT,200904,3,97.119704
reference_r4,unweighted,LA-VT,200907,3,219.60226333333335
reference_r4,unweighted,LA-VT,200910,3,228.22536033333336
reference_r4,unweighted,LA-XA,200801,3,0.446855
reference_r4,unweighted,LA-XA,200804,3,1.3958510000000002
reference_r4,unweighted,LA-XA,200807,3,6.479950666666667
reference_r4,unweighted,LA-XA,200810,3,0.902176666666667
reference_r4,unweighted,LA-XA,200901,3,0.12059266666666664
reference_r4,unweighted,LA-XA,200904,3,2.368356
reference_r4,unweighted,LA-XA,200907,3,11.723914000000002
reference_r4,unweighted,LA-XA,200910,3,2.7288656666666675
reference_r4,unweighted,LA-XE,200801,3,0.007422999999999967
reference_r4,unweighted,LA-XE,200804,3,1.3497156666666665
reference_r4,unweighted,LA-XE,200807,3,0.6807620000000002
reference_r4,unweighted,LA-XE,200810,3,0.3082329999999999
reference_r4,unweighted,LA-XE,200901,3,1.2110159999999999
reference_r4,unweighted,LA-XE,200904,3,2.4101893333333333
reference_r4,unweighted,LA-XE,200907,3,16.629457
reference_r4,unweighted,LA-XE,200910,3,6.819682666666665
reference_r4,unweighted,LA-XI,200801,3,0.00037533333333326663
reference_r4,unweighted,LA-XI,200804,3,0.3101993333333333
reference_r4,unweighted,LA-XI,200807,3,0.2897076666666664
reference_r4,unweighted,LA-XI,200810,3,0.0068793333333333
reference_r4,unweighted,LA-XI,200901,3,0.0011186666666666333
reference_r4,unweighted,LA-XI,200904,3,23.920996333333335
reference_r4,unweighted,LA-XI,200907,3,2.6805266666666667
reference_r4,unweighted,LA-XI,200910,3,0.5076043333333332
