model,weighting,location,n_cells,mean_crps,mae,coverage_10_90,coverage_25_75,observed_total
climatology,unweighted,LA-AT,24,21.906170375000002,23.583333333333332,0.20833333333333334,0.125,566.0
climatology,unweighted,LA-BK,24,36.6274375,38.416666666666664,0.25,0.20833333333333334,927.0
climatology,unweighted,LA-BL,24,12.361217125000001,19.770833333333332,0.7083333333333334,0.5,228.0
climatology,unweighted,LA-CH,24,38.36997479166667,49.708333333333336,0.75,0.5416666666666666,2431.0
climatology,unweighted,LA-HO,24,0.20207233333333333,0.25,0.9166666666666666,0.8333333333333334,6.0
climatology,unweighted,LA-KH,24,31.59191566666667,43.729166666666664,0.75,0.5833333333333334,1056.0
climatology,unweighted,LA-LM,24,0.9015427083333334,0.9583333333333334,0.75,0.7083333333333334,23.0
climatology,unweighted,LA-LP,24,43.227911541666664,49.5,0.5833333333333334,0.4583333333333333,1336.0
climatology,unweighted,LA-OU,24,2.148529625,2.2083333333333335,0.8333333333333334,0.7916666666666666,53.0
climatology,unweighted,LA-PH,11,0.0036363636363636364,0.0,1.0,1.0,0.0
climatology,unweighted,LA-SL,24,52.09655854166667,60.416666666666664,0.125,0.08333333333333333,1455.0
climatology,unweighted,LA-SV,24,43.52257779166666,62.5,0.7916666666666666,0.5833333333333334,192.0
climatology,unweighted,LA-VT,24,80.17909370833333,107.14583333333333,0.5833333333333334,0.4583333333333333,3707.0
climatology,unweighted,LA-XA,24,5.902487666666667,7.4375,0.9583333333333334,0.7916666666666666,125.0
climatology,unweighted,LA-XE,24,3.6882480833333333,4.208333333333333,0.5833333333333334,0.4583333333333333,102.0
climatology,unweighted,LA-XI,24,3.480641875,3.5,0.7916666666666666,0.7916666666666666,84.0
hier_nb,unweighted,LA-AT,24,19.887313458333335,23.333333333333332,0.5,0.125,566.0
hier_nb,unweighted,LA-BK,24,34.65743020833333,38.458333333333336,0.375,0.20833333333333334,927.0
hier_nb,unweighted,LA-BL,24,10.167342791666668,11.604166666666666,0.8333333333333334,0.5416666666666666,228.0
hier_nb,unweighted,LA-CH,24,50.787557416666665,73.5,0.875,0.4583333333333333,2431.0
hier_nb,unweighted,LA-HO,24,0.19587937499999997,0.25,0.9166666666666666,0.875,6.0
hier_nb,unweighted,LA-KH,24,33.16333995833333,42.791666666666664,0.875,0.625,1056.0
hier_nb,unweighted,LA-LM,24,0.8351942916666667,0.9583333333333334,0.75,0.75,23.0
hier_nb,unweighted,LA-LP,24,41.39892520833333,49.75,0.625,0.5416666666666666,1336.0
hier_nb,unweighted,LA-OU,24,2.0825521666666664,2.2083333333333335,0.8333333333333334,0.7916666666666666,53.0
hier_nb,unweighted,LA-PH,11,0.004187363636363609,0.0,1.0,1.0,0.0
hier_nb,unweighted,LA-SL,24,49.66053683333334,60.291666666666664,0.20833333333333334,0.08333333333333333,1455.0
hier_nb,unweighted,LA-SV,24,17.338534416666672,10.291666666666666,1.0,0.75,192.0
hier_nb,unweighted,LA-VT,24,68.54704541666666,85.04166666666667,0.9583333333333334,0.7083333333333334,3707.0
hier_nb,unweighted,LA-XA,24,4.145451375,3.125,1.0,0.9583333333333334,125.0
hier_nb,unweighted,LA-XE,24,3.378813875,4.166666666666667,0.6666666666666666,0.4583333333333333,102.0
hier_nb,unweighted,LA-XI,24,3.404030666666666,3.5,0.8333333333333334,0.8333333333333334,84.0
persistence,unweighted,LA-AT,24,15.346857291666666,16.291666666666668,0.25,0.08333333333333333,566.0
persistence,unweighted,LA-BK,24,38.44067654166667,39.125,0.16666666666666666,0.125,927.0
persistence,unweighted,LA-BL,24,7.121955875,8.791666666666666,1.0,0.7916666666666666,228.0
persistence,unweighted,LA-CH,24,41.619956125,56.708333333333336,0.875,0.3333333333333333,2431.0
persistence,unweighted,LA-HO,24,0.35356249999999995,0.4166666666666667,0.75,0.5833333333333334,6.0
persistence,unweighted,LA-KH,24,43.7257775,50.583333333333336,0.7083333333333334,0.5,1056.0
persistence,unweighted,LA-LM,24,0.4121275416666666,0.4583333333333333,0.7083333333333334,0.7083333333333334,23.0
persistence,unweighted,LA-LP,24,91.59999908333333,104.5,0.4166666666666667,0.16666666666666666,1336.0
persistence,unweighted,LA-OU,24,1.211563,1.25,0.7916666666666666,0.7916666666666666,53.0
persistence,unweighted,LA-PH,11,0.00028072727272717275,0.0,1.0,1.0,0.0
persistence,unweighted,LA-SL,24,58.60333916666667,61.583333333333336,0.041666666666666664,0.0,1455.0
persistence,unweighted,LA-SV,24,12.685130541666666,9.25,1.0,0.9583333333333334,192.0
persistence,unweighted,LA-VT,24,59.77715691666666,85.95833333333333,0.875,0.6666666666666666,3707.0
persistence,unweighted,LA-XA,24,3.9521735833333334,4.291666666666667,1.0,0.625,125.0
persistence,unweighted,LA-XE,24,2.9310691666666666,3.375,0.625,0.16666666666666666,102.0
persistence,unweighted,LA-XI,24,6.811630875,6.833333333333333,0.625,0.625,84.0
reference,unweighted,LA-AT,24,19.012880625,24.932291666666668,0.5625,0.3020833333333333,566.0
reference,unweighted,LA-BK,24,29.711451635416665,35.229166666666664,0.6145833333333334,0.4791666666666667,927.0
reference,unweighted,LA-BL,24,6.536072072916666,8.817708333333334,0.9166666666666666,0.5625,228.0
reference,unweighted,LA-CH,24,52.24511347916666,70.58854166666667,0.9166666666666666,0.3854166666666667,2431.0
reference,unweighted,LA-HO,24,0.2702363854166666,0.25,0.8958333333333334,0.8541666666666666,6.0
reference,unweighted,LA-KH,24,32.48514146875,37.963541666666664,0.75,0.65625,1056.0
reference,unweighted,LA-LM,24,0.84195646875,0.9270833333333334,0.8333333333333334,0.7708333333333334,23.0
reference,unweighted,LA-LP,24,47.38732169791666,58.786458333333336,0.5416666666666666,0.041666666666666664,1336.0
reference,unweighted,LA-OU,24,1.8978872916666667,2.1354166666666665,0.90625,0.8645833333333334,53.0
reference,unweighted,LA-PH,11,0.05460184090909086,0.0,1.0,1.0,0.0
reference,unweighted,LA-SL,24,38.4359623125,51.677083333333336,0.6979166666666666,0.4166666666666667,1455.0
reference,unweighted,LA-SV,24,9.673466979166664,6.927083333333333,1.0,0.7916666666666666,192.0
reference,unweighted,LA-VT,24,92.80943114583333,136.83333333333334,0.78125,0.4166666666666667,3707.0
reference,unweighted,LA-XA,24,3.2623170416666665,4.171875,0.9895833333333334,0.8541666666666666,125.0
reference,unweighted,LA-XE,24,3.5350761041666665,3.984375,0.6979166666666666,0.625,102.0
reference,unweighted,LA-XI,24,3.4758114895833336,3.5520833333333335,0.8645833333333334,0.8333333333333334,84.0
reference_r1,unweighted,LA-AT,24,19.333336916666667,25.5,0.5416666666666666,0.2916666666666667,566.0
reference_r1,unweighted,LA-BK,24,29.518175416666665,35.020833333333336,0.625,0.5,927.0
reference_r1,unweighted,LA-BL,24,6.5608837499999995,8.6875,0.875,0.5833333333333334,228.0
reference_r1,unweighted,LA-CH,24,51.209050624999996,68.27083333333333,0.9166666666666666,0.4166666666666667,2431.0
reference_r1,unweighted,LA-HO,24,0.26614345833333325,0.25,0.875,0.875,6.0
reference_r1,unweighted,LA-KH,24,32.112091916666664,38.416666666666664,0.75,0.625,1056.0
reference_r1,unweighted,LA-LM,24,0.8486591666666667,0.9583333333333334,0.8333333333333334,0.7916666666666666,23.0
reference_r1,unweighted,LA-LP,24,45.80280108333333,58.104166666666664,0.5833333333333334,0.041666666666666664,1336.0
reference_r1,unweighted,LA-OU,24,1.910881333333333,2.0833333333333335,0.9166666666666666,0.875,53.0
reference_r1,unweighted,LA-PH,11,0.054131181818181766,0.0,1.0,1.0,0.0
reference_r1,unweighted,LA-SL,24,38.19459125,51.875,0.75,0.4166666666666667,1455.0
reference_r1,unweighted,LA-SV,24,10.253994291666661,7.1875,1.0,0.75,192.0
reference_r1,unweighted,LA-VT,24,92.81990595833332,133.60416666666666,0.7916666666666666,0.4166666666666667,3707.0
reference_r1,unweighted,LA-XA,24,3.168659999999999,4.145833333333333,1.0,0.875,125.0
reference_r1,unweighted,LA-XE,24,3.311449375,3.7916666666666665,0.7083333333333334,0.625,102.0
reference_r1,unweighted,LA-XI,24,3.4711016250000006,3.5416666666666665,0.875,0.8333333333333334,84.0
reference_r2,unweighted,LA-AT,24,19.039303666666665,24.625,0.5833333333333334,0.3333333333333333,566.0
reference_r2,unweighted,LA-BK,24,29.512424499999998,35.208333333333336,0.625,0.4583333333333333,927.0
reference_r2,unweighted,LA-BL,24,6.8628855416666665,9.541666666666666,0.9166666666666666,0.5,228.0
reference_r2,unweighted,LA-CH,24,55.395949333333334,82.64583333333333,0.9166666666666666,0.25,2431.0
reference_r2,unweighted,LA-HO,24,0.290737125,0.25,0.9166666666666666,0.8333333333333334,6.0
reference_r2,unweighted,LA-KH,24,31.936882916666665,37.208333333333336,0.75,0.625,1056.0
reference_r2,unweighted,LA-LM,24,0.8646672083333332,0.9166666666666666,0.8333333333333334,0.75,23.0
reference_r2,unweighted,LA-LP,24,51.010639708333336,60.291666666666664,0.5416666666666666,0.041666666666666664,1336.0
reference_r2,unweighted,LA-OU,24,1.9152444583333335,2.1666666666666665,0.9166666666666666,0.875,53.0
reference_r2,unweighted,LA-PH,11,0.0713408181818181,0.0,1.0,1.0,0.0
reference_r2,unweighted,LA-SL,24,38.050710625,52.0625,0.6666666666666666,0.4166666666666667,1455.0
reference_r2,unweighted,LA-SV,24,9.706173958333329,5.25,1.0,0.875,192.0
reference_r2,unweighted,LA-VT,24,89.37423970833333,133.41666666666666,0.7916666666666666,0.4583333333333333,3707.0
reference_r2,unweighted,LA-XA,24,3.25391,4.208333333333333,1.0,0.875,125.0
reference_r2,unweighted,LA-XE,24,3.5752995833333334,4.145833333333333,0.7083333333333334,0.625,102.0
reference_r2,unweighted,LA-XI,24,3.4657757083333327,3.5416666666666665,0.875,0.875,84.0
reference_r3,unweighted,LA-AT,24,18.822468458333333,24.854166666666668,0.5416666666666666,0.25,566.0
reference_r3,unweighted,LA-BK,24,30.240097625,35.645833333333336,0.625,0.5,927.0
reference_r3,unweighted,LA-BL,24,6.3645885,8.5,0.9166666666666666,0.5416666666666666,228.0
reference_r3,unweighted,LA-CH,24,51.702662374999996,63.541666666666664,0.875,0.4583333333333333,2431.0
reference_r3,unweighted,LA-HO,24,0.2548508333333333,0.25,0.875,0.8333333333333334,6.0
reference_r3,unweighted,LA-KH,24,34.46664091666666,38.354166666666664,0.75,0.7083333333333334,1056.0
reference_r3,unweighted,LA-LM,24,0.7867633333333335,0.9166666666666666,0.8333333333333334,0.75,23.0
reference_r3,unweighted,LA-LP,24,47.044869166666665,58.291666666666664,0.4583333333333333,0.041666666666666664,1336.0
reference_r3,unweighted,LA-OU,24,1.8717268750000002,2.1666666666666665,0.875,0.875,53.0
reference_r3,unweighted,LA-PH,11,0.024998090909090845,0.0,1.0,1.0,0.0
reference_r3,unweighted,LA-SL,24,39.570044125,51.895833333333336,0.6666666666666666,0.4166666666666667,1455.0
reference_r3,unweighted,LA-SV,24,8.864056458333332,8.166666666666666,1.0,0.7916666666666666,192.0
reference_r3,unweighted,LA-VT,24,95.59809491666665,143.41666666666666,0.75,0.375,3707.0
reference_r3,unweighted,LA-XA,24,3.3558779583333336,4.291666666666667,0.9583333333333334,0.7916666666666666,125.0
reference_r3,unweighted,LA-XE,24,3.576495625,3.8333333333333335,0.6666666666666666,0.625,102.0
reference_r3,unweighted,LA-XI,24,3.5016926666666666,3.5416666666666665,0.8333333333333334,0.7916666666666666,84.0
reference_r4,unweighted,LA-AT,24,18.856413458333332,24.75,0.5833333333333334,0.3333333333333333,566.0
reference_r4,unweighted,LA-BK,24,29.575108999999998,35.041666666666664,0.5833333333333334,0.4583333333333333,927.0
reference_r4,unweighted,LA-BL,24,6.3559304999999995,8.541666666666666,0.9583333333333334,0.625,228.0
reference_r4,unweighted,LA-CH,24,50.67279158333332,67.89583333333333,0.9583333333333334,0.4166666666666667,2431.0
reference_r4,unweighted,LA-HO,24,0.269214125,0.25,0.9166666666666666,0.875,6.0
reference_r4,unweighted,LA-KH,24,31.424950125,37.875,0.75,0.6666666666666666,1056.0
reference_r4,unweighted,LA-LM,24,0.867736166666667,0.9166666666666666,0.8333333333333334,0.7916666666666666,23.0
reference_r4,unweighted,LA-LP,24,45.69097683333333,58.458333333333336,0.5833333333333334,0.041666666666666664,1336.0
reference_r4,unweighted,LA-OU,24,1.8936965,2.125,0.9166666666666666,0.8333333333333334,53.0
reference_r4,unweighted,LA-PH,11,0.06793727272727276,0.0,1.0,1.0,0.0
reference_r4,unweighted,LA-SL,24,37.92850325,50.875,0.7083333333333334,0.4166666666666667,1455.0
reference_r4,unweighted,LA-SV,24,9.86964320833333,7.104166666666667,1.0,0.75,192.0
reference_r4,unweighted,LA-VT,24,93.44548400000001,136.89583333333334,0.7916666666666666,0.4166666666666667,3707.0
reference_r4,unweighted,LA-XA,24,3.2708202083333338,4.041666666666667,1.0,0.875,125.0
reference_r4,unweighted,LA-XE,24,3.6770598333333333,4.166666666666667,0.7083333333333334,0.625,102.0
reference_r4,unweighted,LA-XI,24,3.4646759583333337,3.5833333333333335,0.875,0.8333333333333334,84.0
